{
  "mean_annual_inc": 74362.93112812706,
  "median_annual_inc": 64000.0,
  "mean_dti": 17.32280841655037,
  "mean_revol_util": 53.78510920488687,
  "mean_loan_amnt": 14099.203925548689,
  "total_records": 165531,
  "default_rate": 0.19537730092852698
}