{
  "random_forest": {
    "int_rate": 0.12078568095718815,
    "dti": 0.11339170603142693,
    "revol_bal": 0.10450899159655265,
    "revol_util": 0.1025613790526441,
    "installment": 0.09425144225688056,
    "annual_inc": 0.09373326906190142,
    "total_acc": 0.07967490272952275,
    "loan_amnt": 0.07148317866033031,
    "open_acc": 0.06539918131966847,
    "emp_length": 0.04681410142144116,
    "mort_acc": 0.03300401423099588,
    "verification_status": 0.020363948375454646,
    "term": 0.017895924985254313,
    "home_ownership": 0.016027381504332625,
    "pub_rec": 0.01196577272760197,
    "pub_rec_bankruptcies": 0.008139125088804154
  },
  "xgboost": {
    "term": 0.23371604084968567,
    "int_rate": 0.22784259915351868,
    "mort_acc": 0.051996201276779175,
    "home_ownership": 0.05181786045432091,
    "dti": 0.051299065351486206,
    "annual_inc": 0.0455252043902874,
    "loan_amnt": 0.037186816334724426,
    "verification_status": 0.036737263202667236,
    "installment": 0.035272352397441864,
    "revol_bal": 0.034665606915950775,
    "revol_util": 0.03421856462955475,
    "emp_length": 0.03342724218964577,
    "pub_rec": 0.03286268934607506,
    "open_acc": 0.032015230506658554,
    "total_acc": 0.031203296035528183,
    "pub_rec_bankruptcies": 0.03021402470767498
  }
}