{
  "Logistic Regression": {
    "accuracy": 0.8051167426828163,
    "precision": 0.5169491525423728,
    "recall": 0.06589506172839506,
    "auc": 0.706637141266152
  },
  "Random Forest": {
    "accuracy": 0.8066269973117468,
    "precision": 0.5420258620689655,
    "recall": 0.07762345679012346,
    "auc": 0.6947436916580081
  },
  "XGBoost": {
    "accuracy": 0.8062041260156463,
    "precision": 0.528169014084507,
    "recall": 0.09259259259259259,
    "auc": 0.7096626544484921
  }
}